# Host: localhost  (Version 5.5.5-10.1.38-MariaDB)
# Date: 2019-04-12 08:44:55
# Generator: MySQL-Front 6.1  (Build 1.26)


#
# Structure for table "stazioni"
#

DROP TABLE IF EXISTS `stazioni`;
CREATE TABLE `stazioni` (
  `idStazione` int(2) NOT NULL,
  `latitudine` varchar(255) DEFAULT NULL,
  `longitudine` varchar(255) DEFAULT NULL,
  PRIMARY KEY (`idStazione`)
) ENGINE=InnoDB DEFAULT CHARSET=latin1;

#
# Data for table "stazioni"
#

INSERT INTO `stazioni` VALUES (1,'45.694820','9.668636'),(2,'45.693748','9.665905'),(3,'45.693241','9.664054'),(4,'45.695787','9.671579'),(5,'45.696976','9.667531'),(6,NULL,NULL);

#
# Structure for table "bici"
#

DROP TABLE IF EXISTS `bici`;
CREATE TABLE `bici` (
  `idBici` int(11) NOT NULL AUTO_INCREMENT,
  `idStazione` int(11) DEFAULT NULL,
  PRIMARY KEY (`idBici`),
  KEY `IdStazione` (`idStazione`),
  CONSTRAINT `bici_ibfk_1` FOREIGN KEY (`idStazione`) REFERENCES `stazioni` (`idStazione`)
) ENGINE=InnoDB AUTO_INCREMENT=201 DEFAULT CHARSET=latin1;

#
# Data for table "bici"
#

INSERT INTO `bici` VALUES (1,1),(2,1),(3,4),(4,1),(5,3),(6,1),(7,1),(8,1),(9,3),(10,1),(11,4),(12,1),(13,1),(14,1),(15,1),(16,1),(17,3),(18,1),(19,1),(20,1),(21,3),(22,1),(23,1),(24,1),(25,1),(26,1),(27,3),(28,1),(29,2),(30,1),(31,1),(32,1),(33,1),(34,3),(35,1),(36,4),(37,1),(38,1),(39,1),(40,1),(41,4),(42,2),(43,2),(44,2),(45,2),(46,2),(47,4),(48,1),(49,4),(50,2),(51,2),(52,3),(53,2),(54,2),(55,2),(56,2),(57,2),(58,2),(59,1),(60,2),(61,2),(62,2),(63,2),(64,2),(65,1),(66,2),(67,2),(68,2),(69,1),(70,4),(71,2),(72,2),(73,2),(74,2),(75,2),(76,2),(77,2),(78,3),(79,3),(80,4),(81,3),(82,4),(83,3),(84,1),(85,3),(86,3),(87,3),(88,2),(89,3),(90,2),(91,3),(92,3),(93,2),(94,3),(95,3),(96,1),(97,3),(98,4),(99,1),(100,3),(101,3),(102,3),(103,5),(104,3),(105,3),(106,3),(107,3),(108,5),(109,3),(110,3),(111,5),(112,1),(113,3),(114,4),(115,3),(116,4),(117,1),(118,2),(119,3),(120,3),(121,4),(122,4),(123,4),(124,4),(125,4),(126,3),(127,3),(128,4),(129,5),(130,4),(131,4),(132,4),(133,3),(134,5),(135,4),(136,4),(137,4),(138,3),(139,5),(140,2),(141,5),(142,4),(143,4),(144,5),(145,1),(146,2),(147,4),(148,2),(149,4),(150,4),(151,4),(152,4),(153,3),(154,1),(155,4),(156,4),(157,4),(158,4),(159,4),(160,3),(161,5),(162,2),(163,4),(164,3),(165,5),(166,5),(167,3),(168,3),(169,2),(170,5),(171,5),(172,1),(173,2),(174,5),(175,5),(176,4),(177,2),(178,4),(179,5),(180,5),(181,5),(182,2),(183,5),(184,5),(185,1),(186,5),(187,5),(188,5),(189,5),(190,3),(191,5),(192,2),(193,2),(194,4),(195,3),(196,5),(197,3),(198,5),(199,5),(200,1);

#
# Structure for table "utenti"
#

DROP TABLE IF EXISTS `utenti`;
CREATE TABLE `utenti` (
  `idUtente` int(11) NOT NULL AUTO_INCREMENT,
  `nome` varchar(20) NOT NULL DEFAULT '',
  `cognome` varchar(20) NOT NULL DEFAULT '',
  `indirizzo` varchar(50) NOT NULL DEFAULT '',
  `telefono` varchar(10) NOT NULL DEFAULT '0',
  `cartaCredito` varchar(16) NOT NULL DEFAULT '',
  `mail` varchar(255) NOT NULL DEFAULT '',
  `password` varchar(16) NOT NULL DEFAULT '',
  `newsletter` bit(1) NOT NULL DEFAULT b'1',
  PRIMARY KEY (`idUtente`)
) ENGINE=InnoDB AUTO_INCREMENT=177 DEFAULT CHARSET=latin1;

#
# Data for table "utenti"
#

INSERT INTO `utenti` VALUES (1,'Gianni','Morandi','Via delle Mani Grosse 1','3365854285','5245375725423485','g.morandi@gmail.com','1e95c',b'1'),(2,'Anna','Verdi','Via Giacomo Manzù 25','3394200642','1454324748683682','a.verdi@gmail.com','8fyws',b'1'),(3,'Leonardo','Belotti','P.zza Vecchia 2c','3306177530','7658026579054028','l.belotti@gmail.com','t1jo6',b'1'),(4,'Mattia','Bianchi','ViaP.zza Della Libertà 4c','3337694401','2965197663207193','m.bianchi@gmail.com','3dsjo',b'0'),(5,'Alessandro','Rossini','P.zza Di Spagna 4','3323149633','3249207805315739','a.rossini@gmail.com','03bq2',b'1'),(6,'Andrea','Ferrari','Via Presanella 52b','3310928436','6422778895353624','a.ferrari@gmail.com','fro8b',b'0'),(7,'Lucia','Russo','Via Monte Campione 28','3334001041','6309893923057461','l.russo@gmail.com','5m6bp',b'0'),(8,'Luca','Rossi','Via Roma 26',' 331247442','3726480771496644','l.rossi@gmail.com','66eoh',b'1'),(9,'Mario','Romano','P.zza Vecchia 6','3395550049','7998042818301209','m.romano@gmail.com','0eaui',b'1'),(10,'Anna','Colombo','P.zza Sant\'Anna 8','3318133375','2881869652781443','a.colombo@gmail.com','nhxpr',b'0'),(11,'Andrea','Greco','Via Sant\'Orsola 11','3391874069','6126530013959263','a.greco@gmail.com','51mvs',b'1'),(12,'Lucio','Dalla','Via Adamello 45','3361443197','3071003925789737','l.dalla@gmail.com','d0zwv',b'1'),(13,'Giuseppe','Ungaretti','Via Roccolo 62a','3313816677','2711598899225275','g.ungaretti@gmail.com','cqs1m',b'1'),(14,'Marianna','Conti','P.zza Vittorio Veneto 9','3381685442','2663749361134698','m.conti@gmail.com','hfgfy',b'0'),(15,'Mariella','Verdi','Via Cerioli 15','3379970242','9500107136300564','m.verdi@alice.it','l3wqr',b'1'),(16,'Maria','Verdi','P.zza Del Duomo 17','3360403098','5551969448776046','m.verdi@gmail.com','5hfmc',b'1'),(17,'Giuseppina','Leone','P.zza Vecchia 2','3339585519','2402455603407956','g.leone@gmail.com','3etdm',b'0'),(18,'Roberto','Longo','Via Pascoli 33b','3356790676','3494583127597720','r.longo@gmail.com','31vzi',b'0'),(19,'Marcello','Galli','Via Ungaretti 26','3381277004','2076284691755698','m.galli@gmail.com','h209f',b'0'),(20,'Luca','De Santis','Via Broseta 65','3314896876','1490594795203286','l.desantis@gmail.com','xmykz',b'1'),(21,'Roberto','Mancini','Corso Roma 55','3323719293','3262103933482625','r.mancini@gmail.com','diqg5',b'0'),(22,'Mattia','De Sciglio','Viale Lombardia 2','3308393544','5868489815323041','m.desciglio@gmail.com','pc600',b'1'),(23,'Nicolas','Rinaldi','Viale Europa 1','3378442831','5378679397596139','n.rinaldi@gmail.com','y6lo0',b'0'),(24,'Francesco','Bianchi','P.zza Della Libertà 55','3300000324','6200922080562779','f.bianchi@gmail.com','rpmyo',b'1'),(25,'Luigi','Capuana','Via Caravaggio 8','3382718754','3465058125091016','l.capuana@gmail.com','74v31',b'0'),(26,'Giovanna','Conte','Via Monte Rosa 19a','3318501539','6434831553765965','g.conte@gmail.com','45oci',b'0'),(27,'Giuliana','Conte','Via Monsignor Carozzi 26','3314639681','3432752842800710','g.conte@alice.it','9zotn',b'1'),(28,'Mario','Rizzo','P.zza Di Spagna 35','3333835596','1723730232384579','m.rizzo@gmail.com','ln9jh',b'1'),(29,'Andrea','Giordano','Viale Lombardia 18','3304000043','8315783541980065','a.giordano@gmail.com','6xmjf',b'1'),(30,'Michele','Greco','Via Adamello 11','3314804936','3226326974336286','m.greco@gmail.com','5mg9a',b'1'),(31,'Gaia','Messina','P.zza Vecchia 66a','3348979964','1602218505959645','g.messina@gmail.com','teg9u',b'1'),(32,'Giada','Marchetti','Corso Roma 45a','3388710239','9022084708182420','g.marchetti@gmail.com','jkskm',b'1'),(33,'Luca','Galli','Via San Bernardo 11','3304368157','8619775527977524','l.galli@gmail.com','neix7',b'0'),(34,'Enrico','Villa','P.zza Sant\'Anna 22','3346125183','9218638895250006','e.villa@gmail.com','4lgiu',b'1'),(35,'Matteo','Marini','Via Del Fabbro 1','3320566384','2952652101626421','m.marini@gmail.com','4ry9w',b'1'),(36,'Marcello','Villa','Via Roma 3','3370850074','9539860719105784','m.villa@gmail.com','quhfb',b'0'),(37,'Luigia','Coppola','Via Broseta 6','3364786483','5383608900225596','l.coppola@gmail.com','1bca6',b'1'),(38,'Martina','Ferrari','P.zza Del Duomo 35','3360451681','8916950337999340','m.ferrari@gmail.com','bqd7w',b'1'),(39,'Mario','Gentile','Via San Bernardino 17c','3359374566','4087635993612061','m.gentile@gmail.com','hxidp',b'1'),(40,'Leonardo','Mancini','Viale Papa Giovanni XXIII 5','3359583371','1339079692482542','l.mancini@gmail.com','670ov',b'0'),(41,'Mattia','De Santis','Via XX Settembre 2','3336182479','6490204272978025','m.desantis@gmail.com','1ghh0',b'1'),(42,'Luigi','Rossi','P.zza Vecchia 9','3372527193','5732949672002920','l.rossi@alice.it','upg9g',b'1'),(43,'Giovanna','Testa','Viale Lombardia 14c','3375971646','6392835286719692','g.testa@alice.it','wxbj0',b'1'),(44,'Cleopatra','Rinaldi','Corso Europa 3b','3337235130','4889199365956780','c.rinaldi@gmail.com','3xbmp',b'0'),(45,'Ginevra','Testa','Via Broseta 5b','3369421158','7504372351348436','g.testa@gmail.com','f5xac',b'0'),(46,'Marco','Martini','Via Roccolo 41','3380169134','6580882474925803','m.martini@gmail.com','108ij',b'1'),(47,'Giovanni','Longo','Via Presanella 23','3371295530','3016206225323551','g.longo@gmail.com','0v59d',b'0'),(48,'Anna','Belotti','Via IV Novembre 25','3371295530','7043713182794571','a.belotti@gmail.com','4hnfb',b'1'),(49,'Piero','Romano','Via Pascoli 8','3387306987','5210566055578342','p.romano@gmail.com','viw85',b'0'),(50,'Piera','Rossini','P.zza Di Spagna 6b','3393205502','3506255538851467','p.rossini@gmail.com','fblvt',b'1');

#
# Structure for table "noleggi"
#

DROP TABLE IF EXISTS `noleggi`;
CREATE TABLE `noleggi` (
  `idNoleggio` int(11) NOT NULL AUTO_INCREMENT,
  `dataInizio` timestamp NULL DEFAULT NULL,
  `dataFine` timestamp NULL DEFAULT NULL,
  `stazioneNoleggio` int(11) DEFAULT NULL,
  `stazioneConsegna` int(11) DEFAULT NULL,
  `idBici` int(11) DEFAULT NULL,
  `idUtente` int(11) DEFAULT NULL,
  PRIMARY KEY (`idNoleggio`),
  KEY `idBici` (`idBici`),
  KEY `idutente` (`idUtente`),
  KEY `stazioneConsegna` (`stazioneConsegna`),
  KEY `stazioneNoleggio` (`stazioneNoleggio`),
  CONSTRAINT `noleggi_ibfk_2` FOREIGN KEY (`idBici`) REFERENCES `bici` (`idBici`),
  CONSTRAINT `noleggi_ibfk_3` FOREIGN KEY (`idUtente`) REFERENCES `utenti` (`idUtente`),
  CONSTRAINT `noleggi_ibfk_4` FOREIGN KEY (`stazioneConsegna`) REFERENCES `stazioni` (`idStazione`),
  CONSTRAINT `noleggi_ibfk_5` FOREIGN KEY (`stazioneNoleggio`) REFERENCES `stazioni` (`idStazione`)
) ENGINE=InnoDB AUTO_INCREMENT=121 DEFAULT CHARSET=latin1;

#
# Data for table "noleggi"
#

INSERT INTO `noleggi` VALUES (1,'2018-11-12 09:32:47','2018-11-14 18:29:59',1,2,29,27),(2,'2018-05-28 04:38:47','2018-05-30 11:07:19',1,3,17,32),(3,'2018-06-01 12:37:33','2018-06-02 01:51:15',1,3,27,45),(4,'2018-10-03 11:42:41','2018-10-06 09:04:01',1,3,5,5),(5,'2018-02-17 19:43:25','2018-02-19 21:57:57',1,4,3,9),(6,'2018-08-21 23:41:16','2018-08-23 15:54:06',1,1,37,42),(7,'2018-08-14 04:53:32','2018-08-16 22:20:39',1,3,3,43),(8,'2018-01-02 08:35:10','2018-01-02 20:32:05',1,4,11,38),(9,'2018-11-23 08:50:04','2018-11-26 02:18:24',1,5,17,45),(10,'2018-06-13 17:46:13','2018-06-13 20:42:25',1,3,9,44),(11,'2018-12-30 20:50:18','2019-01-01 05:15:52',2,1,48,43),(12,'2018-12-05 13:22:17','2018-12-08 07:28:30',2,4,70,9),(13,'2019-07-29 06:20:00','2019-07-29 14:02:09',2,4,47,46),(14,'2019-05-11 20:58:33','2019-05-12 20:02:22',2,4,41,33),(15,'2019-08-20 07:47:54','2019-08-22 04:58:05',2,4,80,22),(16,'2019-11-22 01:17:05','2019-11-24 14:21:12',2,3,52,15),(17,'2019-08-30 11:06:01','2019-09-02 00:31:16',2,1,59,13),(18,'2019-05-07 09:44:19','2019-05-10 07:44:13',2,1,48,23),(19,'2018-03-21 16:15:14','2018-03-23 15:34:10',2,2,68,23),(20,'2018-08-31 14:00:53','2018-08-31 16:05:09',2,3,78,6),(21,'2019-08-29 00:57:38','2019-08-29 15:56:01',3,2,93,9),(22,'2018-06-01 00:26:05','2018-06-03 08:34:41',3,4,98,44),(23,'2019-08-27 19:51:17','2019-08-28 04:47:32',3,1,112,14),(24,'2019-06-06 02:33:52','2019-06-08 13:13:46',3,3,91,8),(25,'2019-10-07 20:07:03','2019-10-08 09:23:34',3,4,82,13),(26,'2018-05-29 16:37:37','2018-05-31 09:48:53',3,5,111,4),(27,'2019-04-27 18:09:12','2019-04-28 22:45:30',3,3,92,7),(28,'2019-08-19 23:50:38','2019-08-22 04:44:29',3,1,117,2),(29,'2018-10-14 23:26:34','2018-10-16 22:10:20',3,5,103,50),(30,'2018-10-01 22:10:55','2018-10-03 13:57:32',3,3,115,42),(31,'2019-07-12 01:37:49','2019-07-12 23:16:39',3,4,116,8),(32,'2018-08-20 18:08:17','2018-08-23 00:08:29',3,1,96,6),(33,'2018-02-26 08:23:25','2018-02-27 02:47:00',3,1,99,42),(34,'2018-04-26 01:14:08','2018-04-27 04:51:41',3,1,84,36),(35,'2018-04-14 13:12:17','2018-04-17 05:30:12',3,2,118,20),(36,'2018-05-18 17:53:59','2018-05-21 15:35:50',4,3,138,48),(37,'2019-04-14 03:35:34','2019-04-16 01:08:51',4,4,147,17),(38,'2018-03-22 03:23:12','2018-03-22 19:03:02',4,2,148,3),(39,'2019-04-16 02:10:39','2019-04-16 04:39:11',4,2,146,34),(40,'2019-07-13 03:07:21','2019-07-14 18:11:32',4,5,139,42),(41,'2018-10-13 18:59:06','2018-10-15 02:31:59',4,3,133,49),(42,'2018-12-09 03:33:04','2018-12-11 16:41:34',4,2,140,23),(43,'2018-10-24 16:19:40','2018-10-27 13:09:56',4,4,121,28),(44,'2019-05-28 17:38:23','2019-05-29 14:43:39',4,3,126,26),(45,'2018-12-19 21:11:04','2018-12-22 17:31:39',4,4,157,28),(46,'2018-03-06 06:17:48','2018-03-07 15:03:57',4,1,145,48),(47,'2018-03-16 23:03:59','2018-03-18 10:13:22',4,1,146,43),(48,'2018-07-02 09:33:36','2018-07-02 15:51:24',4,3,153,33),(49,'2019-04-19 07:42:58','2019-04-21 15:21:12',4,1,154,3),(50,'2018-08-26 00:31:24','2018-08-26 00:59:04',4,5,141,24),(51,'2019-11-05 20:42:26','2019-11-06 21:09:16',5,2,169,44),(52,'2019-10-07 23:46:07','2019-10-10 09:34:33',5,5,165,48),(53,'2019-09-07 10:22:14','2019-09-07 15:40:20',5,5,174,29),(54,'2019-02-21 03:29:37','2019-02-22 12:07:27',5,3,195,38),(55,'2019-11-24 05:50:53','2019-11-27 02:14:07',5,3,190,46),(56,'2018-01-25 00:37:19','2018-01-25 15:09:12',5,5,187,46),(57,'2018-04-03 09:37:44','2018-04-05 11:03:55',5,3,197,38),(58,'2018-06-11 05:59:15','2018-06-12 09:09:30',5,3,167,35),(59,'2018-12-17 15:54:59','2018-12-18 05:46:50',5,3,164,50),(60,'2018-08-26 20:55:20','2018-08-28 05:53:47',5,5,175,20),(61,'2019-12-01 22:55:49','2019-12-03 10:49:46',5,2,177,32),(62,'2018-09-10 20:21:16','2018-09-11 00:18:45',5,4,169,43),(63,'2018-09-10 20:21:16','2018-09-11 00:18:45',5,4,176,8),(64,'2019-12-06 16:42:59','2019-12-09 02:56:00',5,1,200,12),(65,'2019-09-07 00:57:28','2019-09-07 03:44:00',5,5,176,38),(66,'2018-12-11 05:15:30','2018-12-12 03:53:11',5,4,163,27),(67,'2019-02-09 16:07:41','2019-02-10 07:39:07',5,2,192,17),(68,'2019-02-13 20:16:56','2019-02-16 02:52:17',5,2,193,28),(69,'2019-01-19 10:09:25','2019-01-22 09:04:40',5,1,185,15),(70,'2019-01-19 10:09:25','2019-01-22 09:04:40',5,2,162,23),(71,'2019-10-02 16:35:12','2019-10-02 17:13:29',5,3,168,19),(72,'2019-11-08 13:19:04','2019-11-10 04:47:57',5,3,162,29),(73,'2018-10-09 01:46:41','2018-10-11 07:21:03',5,1,167,11),(74,'2019-11-25 11:10:09','2019-11-28 05:19:03',5,4,178,20),(75,'2018-02-06 13:15:50','2018-02-09 02:57:46',5,5,186,27),(76,'2019-09-23 22:29:51','2019-09-26 21:00:13',5,2,173,47),(77,'2018-06-23 11:15:42','2018-06-24 21:55:28',5,2,182,39),(78,'2019-06-11 13:40:24','2019-06-12 05:03:10',5,4,194,47),(79,'2019-09-25 08:48:16','2019-09-27 21:32:45',5,1,172,7),(80,'2018-05-16 20:35:41','2018-05-19 08:50:12',5,3,176,43),(81,'2019-04-15 04:58:23','2019-04-15 15:36:37',1,2,27,11),(82,'2018-09-27 08:11:01','2018-09-28 22:05:23',1,4,36,6),(83,'2018-07-07 10:10:31','2018-07-08 12:21:25',1,3,17,12),(84,'2018-01-23 12:15:08','2018-01-24 04:32:27',1,2,27,10),(85,'2018-06-02 15:34:41','2018-06-04 04:47:25',1,3,21,24),(86,'2018-05-09 05:13:07','2018-05-11 05:05:25',1,3,34,10),(87,'2019-10-07 20:07:03','2019-10-08 09:23:34',1,3,17,18),(88,'2018-05-29 16:37:37','2018-05-31 09:48:53',1,1,35,13),(89,'2019-04-27 18:09:12','2019-04-28 22:45:30',1,1,26,37),(90,'2019-08-19 23:50:38','2019-08-22 04:44:29',1,1,23,44),(91,'2018-10-14 23:26:34','2018-10-16 22:10:20',3,1,118,21),(92,'2018-10-01 22:10:55','2018-10-03 13:57:32',3,5,111,16),(93,'2019-07-12 01:37:49','2019-07-12 23:16:39',3,5,98,6),(94,'2018-08-20 18:08:17','2018-08-23 00:08:29',3,5,108,45),(95,'2018-02-26 08:23:25','2018-02-27 02:47:00',3,2,90,15),(96,'2018-04-26 01:14:08','2018-04-27 04:51:41',3,3,92,33),(97,'2019-06-14 08:19:42','2019-06-14 11:37:07',3,4,114,26),(98,'2018-04-14 13:12:17','2018-04-17 05:30:12',3,1,91,43),(99,'2018-05-18 17:53:59','2018-05-21 15:35:50',3,2,88,8),(100,'2019-04-14 03:35:34','2019-04-16 01:08:51',3,2,112,20),(101,'2018-03-22 03:23:12','2018-03-22 19:03:02',2,3,68,1),(102,'2019-07-13 03:07:21','2019-07-14 18:11:32',2,1,65,6),(103,'2018-01-25 00:37:19','2018-01-25 15:09:12',2,4,59,13),(104,'2019-09-07 10:22:14','2019-09-07 15:40:20',2,1,69,45),(105,'2018-03-16 23:03:59','2018-03-18 10:13:22',2,3,79,31),(106,'2019-12-06 16:42:59','2019-12-09 02:56:00',2,4,70,28),(107,'2018-12-17 15:54:59','2018-12-18 05:46:50',2,4,49,22),(108,'2019-12-01 22:55:49','2019-12-03 10:49:46',2,2,48,10),(109,'2019-04-16 02:10:39','2019-04-16 04:39:11',2,2,52,17),(110,'2018-10-13 18:59:06','2018-10-15 02:31:59',2,2,46,27),(111,'2018-08-26 20:55:20','2018-08-28 05:53:47',4,5,129,37),(112,'2018-09-10 20:21:16','2018-09-11 00:18:45',4,4,121,41),(113,'2019-02-21 03:29:37','2019-02-22 12:07:27',4,5,144,31),(114,'2019-11-24 05:50:53','2019-11-27 02:14:07',4,4,132,44),(115,'2019-09-25 08:48:16','2019-09-27 21:32:45',4,5,134,16),(116,'2019-06-11 13:40:24','2019-06-12 05:03:10',4,3,127,35),(117,'2019-01-19 10:09:25','2019-01-22 09:04:40',4,4,121,31),(118,'2018-06-23 11:15:42','2018-06-24 21:55:28',4,2,133,23),(119,'2019-02-13 20:16:56','2019-02-16 02:52:17',4,3,160,9),(120,'2018-05-16 20:35:41','2018-05-19 08:50:12',4,1,148,21);
